value	View$EINK_MODE (framework.odex)	kernel ebc.h constant	stock kernel buf_mode -> lut_get(type, tag)	wbf mode (MV 0x19, [VERIFY] labels)	stock userspace handling	who sends it
-1	EPD_NULL	-	never reaches kernel	-	cur_mode=-1 -> fb_post skips the EPD update entirely (no ioctl)	SF postFramebuffer when nothing visible changed
0	AUTO	EPD_AUTO	type 5, tag 0 (auto/PART-detect path)	GC16 via auto algorithm	sticky (becomes default); variant 1 (and the holddisp re-send) maps AUTO->PART; only variant 2 (RK3027) uses the 8-bit gray16_8 path (for AUTO and REGAL) (corrected 2026-10-08)	layers with mode 0; IMS showWindow
1	FULL	EPD_FULL	type 2	GC16	one-shot, NOT sticky (corrected 2026-10-08); resets auto-full counter; forced when counter > autofull_max (default 400: 401 counted frames, then the 402nd is FULL); while a previous A2 region exists a FULL request becomes the A2-exit pair (white mode 2, then FULL_WIN 9)	app request; auto-full
2	A2	EPD_A2	type 6	A2	forced whenever this frame's or the previous frame's A2 region is non-empty, else a requested 2 is downgraded to 3; frame dithered to 2 levels (rgb888_to_gray2_dither / gray256_to_gray2_dither); A2 frames are not counted by auto-full	SF when A2 region set (SF_A2 0x3ff / SF_FORCE_EPD_A2 0x44e / 0x4b1)
3	PART	EPD_PART	type 2	GC16 (partial)	default mode after boot (cur=sticky=3); sticky	default
4	FULL_DITHER	EPD_FULL_DITHER	type 2	GC16	rgb888_to_gray16_dither (Floyd-like 4-bit); resets counter; one-shot	app
5	RESET	EPD_RESET	type 1, tag 5	INIT	one-shot	app
6	BLACK_WHITE	EPD_BLACK_WHITE	type 4, tag 6	DU	one-shot; gralloc itself sends 6 on A2 entry or when a new A2/update area appears (new areas filled white), followed by mode 2; NOT on A2 exit, which sends 2 then 9 (corrected 2026-10-08)	gralloc A2 exit
7	TEXT	EPD_TEXT	type 2 [superseded: rejected by the stock ebc_thread, leaks a slot; see driver/README.md section 7]	GC16	one-shot	app
8	BLOCK	EPD_BLOCK	type 2 + kernel blocks in ioctl until frame shown	GC16	gralloc uses 8 for standby/wake white screens	gralloc standby
9	FULL_WIN	EPD_FULL_WIN	type 2 (windowed) [CPU direct engine, not the hardware LUT (driver/README.md section 7)]	GC16	gralloc sets 9 after the A2-exit frame (white mode 2) and re-sends with window = bounds(update | prevA2 | accum) (corrected 2026-10-08); resets counter; auto-full may turn it into 1 with the same window	gralloc A2 exit
10	OED_PART	EPD_OED_PART	type 3, tag 10 [no LUT is built: draws nothing (driver/README.md section 2.5)]	DU4? [VERIFY]	sticky	app
11	DIRECT_PART	EPD_DIRECT_PART	type 2 [CPU direct engine, not the hardware LUT (driver/README.md section 7)]	GC16	one-shot	app
12	DIRECT_A2	EPD_DIRECT_A2	type 6 [CPU direct engine, not the hardware LUT (driver/README.md section 7)]	A2	one-shot (no region logic beyond mode 2)	app
13	STANDBY	(not in ebc.h)	type 2 if ever sent [superseded: rejected by the stock ebc_thread]	-	draws /data/misc/standby.png or /system/media/standby.png (white mode-8 frame first if ro.need.white.with.standby=y); sent as mode 8; logo_busy gates fb_post while drawing and is cleared at the end; sets in_standby	SF onScreenReleased (r1=13)
14	POWEROFF	(not in ebc.h)	type 2 if ever sent [superseded: rejected by the stock ebc_thread]	-	draws /system/media/poweroff.png (nopower.png if sys.shutdown.nopower=1) sent as mode 1; then shutdown_done=1 -> every later request sets cur=-1, and logo_busy stays 1 -> fb_post never sends again (corrected 2026-10-08)	SF handleMessagePoweroff (r1=14), triggered by PowerManagerService
15	REGLA	(not in ebc.h; stock kernel only)	type 8, tag 15 -> map_to_pvi_mode(8)=5 -> wbf 4	GLR16 [STRONG]	sticky; variant 0 maps 15->3	SF when layer mode 15 and REGAL enabled (onyx_misc support_regal==1 and SET_REGAL_ENABLE)
16	WAKEUP	(not in ebc.h)	type 9, tag 16 -> map_to_pvi_mode -> wbf 4 [superseded: rejected from userspace, leaks a slot; type 9 is kernel-internal (reagl/README.md section 3)]	GLR16 [STRONG]	if in_standby and ro.need.white.with.standby=y: full white (mode 8), clears in_standby, next frame FULL (cur=1), return; otherwise passed through as one-shot mode 16 (not sticky)	SF onScreenAcquired (r1=16)
17	(none; gralloc string EPD_REBOOT)	-	type 2 if ever sent	-	draws /data/misc/reboot.png or /system/media/reboot.png, mode 1, then shutdown_done=1 and logo_busy stays 1 (as 14)	not called by SF/HWComposer in stock libs [VERIFY who sends 17]
